,word1,word2,sim
0,old,new,0.7912940304689127
1,smart,intelligent,0.03612101807316548
2,hard,difficult,0.5278869064798212
3,happy,cheerful,0.039990322513343446
4,hard,easy,0.3344458008544592
5,fast,rapid,0.1207109402027794
6,happy,glad,0.1374393619864962
7,short,long,0.8264022795201715
8,stupid,dumb,0.1418286949788906
9,weird,strange,0.09725422438756803
10,wide,narrow,0.3178072247817896
11,bad,awful,0.11403926579947021
12,easy,difficult,0.32964595805645525
13,bad,terrible,0.03192026106128254
14,hard,simple,0.278501527753763
15,smart,dumb,0.09899953019862695
16,insane,crazy,0.07259840610756263
17,happy,mad,0.06377946415308455
18,large,huge,0.5249942985162825
19,hard,tough,0.10742657814995671
20,new,fresh,0.269163771816439
21,sharp,dull,-0.1362018231154316
22,quick,rapid,0.17070957176286794
23,dumb,foolish,0.03874048840616884
24,wonderful,terrific,0.12417049894908538
25,strange,odd,0.08646851891777807
26,happy,angry,0.05306405585302709
27,narrow,broad,0.24220571522098333
28,simple,easy,0.1613112706864207
29,old,fresh,0.12717959238478693
30,apparent,obvious,0.3092755501125495
31,inexpensive,cheap,-0.054243830172403085
32,nice,generous,0.15472833654345353
33,weird,normal,0.04080811741481305
34,weird,odd,0.1732059756844173
35,bad,immoral,0.017751151061637604
36,sad,funny,0.203535225308205
37,wonderful,great,0.2307445797603288
38,guilty,ashamed,0.10181808744772147
39,beautiful,wonderful,0.3008853676959623
40,confident,sure,0.2573400858703391
41,dumb,dense,0.05393957463810817
42,large,big,0.6070951042539566
43,nice,cruel,0.1264014036398784
44,impatient,anxious,0.12902742721397142
45,big,broad,0.21959227774516765
46,strong,proud,0.1573780028427617
47,unnecessary,necessary,0.017724074687116342
48,restless,young,-0.028015958680914554
49,dumb,intelligent,-0.23595988580777405
50,bad,great,0.42632207771122
51,difficult,simple,0.29938097564667154
52,necessary,important,0.42635585466076975
53,bad,terrific,0.06771120084823179
54,mad,glad,-0.21063544492100084
55,honest,guilty,0.016174874171256737
56,easy,tough,0.14851780157021466
57,easy,flexible,-0.10929178923934546
58,certain,sure,0.23231555435807605
59,essential,necessary,0.2506764134008046
60,different,normal,0.29506476989387065
61,sly,clever,0.1445287544666216
62,crucial,important,0.46801802482643606
63,harsh,cruel,0.24088882169841863
64,childish,foolish,-0.04873822993791421
65,scarce,rare,-0.016449644782627004
66,friendly,generous,0.06721851749658392
67,fragile,frigid,0.11103661826015976
68,long,narrow,0.19364163010313118
69,big,heavy,0.2767061842723231
70,rough,frigid,0.19232395362165566
71,bizarre,strange,0.2167394403963877
72,illegal,immoral,0.0779121444505162
73,bad,guilty,0.06311148481903939
74,modern,ancient,0.49687783443572187
75,new,ancient,0.36244108991064705
76,dull,funny,0.05069911231896207
77,happy,young,0.21049705980722155
78,easy,big,0.24568799500932814
79,great,awful,-0.04975359708847482
80,tiny,huge,0.17353671753207978
81,polite,proper,0.1715163848012009
82,modest,ashamed,-0.06007279841614932
83,exotic,rare,0.03387376255320251
84,dumb,clever,-0.07807791879049497
85,delightful,wonderful,0.003077324528771075
86,noticeable,obvious,0.17122355840951442
87,afraid,anxious,0.35859850835601126
88,formal,proper,0.1609937483594469
89,dreary,dull,0.06702309432113451
90,delightful,cheerful,0.10232661078909211
91,unhappy,mad,-0.09832085774675847
92,sad,terrible,0.1517187531184735
93,sick,crazy,0.02173879195738182
94,violent,angry,0.025973246690451757
95,laden,heavy,-0.0709741426271826
96,dirty,cheap,0.26186256813342434
97,elastic,flexible,0.04365275833000282
98,hard,dense,-0.20623139942025182
99,recent,new,0.47105702734880217
100,bold,proud,0.047042338156760954
101,sly,strange,-0.01617285892729603
102,strange,sly,-0.01617285892729603
103,dumb,rare,0.15839619547305794
104,sly,tough,0.15741130044533147
105,terrific,mad,-0.07790373645762827
106,modest,flexible,0.1037994643418334
107,fresh,wide,0.2089114983867122
108,huge,dumb,0.11834165051762047
109,large,flexible,0.046811242444546486
110,dirty,narrow,0.06177263788388043
111,wife,husband,0.8453143968248449
112,book,text,0.48142569767335575
113,groom,bride,0.10281122514340935
114,night,day,0.6490888504662048
115,south,north,0.7110436508385529
116,plane,airport,0.038697535348999335
117,uncle,aunt,0.5420955876759608
118,horse,mare,-0.16670574842147134
119,bottom,top,0.26992236805640957
120,friend,buddy,-0.05502940520693356
121,student,pupil,0.4521262999312403
122,world,globe,0.08673884598919512
123,leg,arm,0.2317013984907479
124,plane,jet,0.13796239012108358
125,woman,man,0.7587298634493812
126,horse,colt,-0.15821057242677194
127,actress,actor,0.7923902743161471
128,teacher,instructor,0.5032095649890556
129,movie,film,0.809874610274488
130,bird,hawk,-0.17458911312928582
131,word,dictionary,0.07369339149112153
132,money,salary,0.207436265840941
133,dog,cat,0.2760996384171551
134,area,region,0.6950546313394224
135,navy,army,0.3584165212260191
136,book,literature,0.6170931457606433
137,clothes,closet,0.06380076377912747
138,sunset,sunrise,-0.29367120670384805
139,child,adult,0.3950396161506742
140,cow,cattle,0.18413249687733868
141,book,story,0.759957923118925
142,winter,summer,0.6365386932181056
143,taxi,cab,0.14114714118234906
144,tree,maple,0.2434939182218776
145,bed,bedroom,0.14500706757013182
146,roof,ceiling,0.18146186585421953
147,disease,infection,0.06527588065762402
148,arm,shoulder,0.2994542907130099
149,sheep,lamb,0.27199123507326406
150,lady,gentleman,0.051499129699246526
151,boat,anchor,0.12274494880594544
152,priest,monk,0.27909100908512197
153,toe,finger,0.17051671585482853
154,river,stream,0.018226864883876148
155,anger,fury,0.0529154196719015
156,date,calendar,0.07562376352006317
157,sea,ocean,0.10787448054308402
158,second,minute,0.5351730697489138
159,hand,thumb,0.05523306708653697
160,wood,log,0.0502251621178299
161,mud,dirt,0.04586826885312956
162,hallway,corridor,-0.04074287360299911
163,way,manner,0.43596922551826434
164,mouse,cat,0.021830130430451677
165,cop,sheriff,-0.0396290337532903
166,death,burial,0.22756565195365286
167,music,melody,0.07035349405981339
168,beer,alcohol,0.0663083541939754
169,mouth,lip,0.1839150961583057
170,storm,hurricane,0.1067632225958145
171,tax,income,0.29083212619973264
172,flower,violet,0.16139084930632341
173,paper,cardboard,-0.024621296095163947
174,floor,ceiling,0.15496058025568693
175,beach,seashore,-0.07540626117748617
176,rod,curtain,0.17063471315990753
177,hound,fox,0.11747926736690528
178,street,alley,0.08286000393248294
179,boat,deck,0.15406713506554737
180,car,horn,-0.0032372882157858385
181,friend,guest,0.3342538030261557
182,employer,employee,0.07245796587658282
183,hand,wrist,0.25831435811768033
184,ball,cannon,0.1361507489042727
185,alcohol,brandy,-0.18863227017638162
186,victory,triumph,0.2130700377498378
187,telephone,booth,0.32975781675207627
188,door,doorway,-0.10120929077304686
189,motel,inn,0.135868709368423
190,clothes,cloth,0.1668969146164474
191,steak,meat,0.00355573250411223
192,nail,thumb,0.024090806322310865
193,band,orchestra,0.5010224584241075
194,book,bible,0.006183671560550996
195,business,industry,0.7468558013350806
196,winter,season,0.3547436551633838
197,decade,century,0.32018899640605925
198,alcohol,gin,0.18082213894715815
199,hat,coat,0.21987803771071146
200,window,door,0.13377463458276906
201,arm,wrist,0.25483803854965204
202,house,apartment,0.4026134499320553
203,glass,crystal,0.16912893576186505
204,wine,brandy,-0.10760134082902861
205,creator,maker,0.08934483132656434
206,dinner,breakfast,0.05127476388480945
207,arm,muscle,0.16434670409393282
208,bread,flour,0.09803752206074012
209,death,tragedy,0.08967886173271755
210,absence,presence,0.23946475385890786
211,gun,cannon,0.06009235764820953
212,grass,blade,-0.011379277587768577
213,ball,basket,-0.0671375666873566
214,hose,garden,-0.015849366310967783
215,boy,kid,0.36333105847446123
216,church,choir,0.41918688115508407
217,clothes,drawer,0.05125555372197843
218,tower,bell,0.2865651826748785
219,father,parent,0.11498739000074154
220,school,grade,0.5013581612189179
221,parent,adult,0.19170738461980452
222,bar,jail,0.027723901576699572
223,car,highway,-0.048869435834419495
224,dictionary,definition,0.038628811273133445
225,door,cellar,0.009856183295154142
226,army,legion,-0.05232871072025791
227,metal,aluminum,0.25636171482893455
228,chair,bench,0.3078193671115934
229,cloud,fog,-0.03504965932156501
230,boy,son,0.3880416727440017
231,water,ice,0.3183134784396475
232,bed,blanket,0.25941725726278175
233,attorney,lawyer,0.5354563525658786
234,area,zone,0.15375058317125356
235,business,company,0.8436035216984382
236,clothes,fabric,0.1322296451242928
237,sweater,jacket,-0.10103625854815967
238,money,capital,0.4087857686284643
239,hand,foot,0.5095417997688262
240,alcohol,cocktail,0.052747457044252766
241,yard,inch,0.162900104906753
242,molecule,atom,-0.03544204380680238
243,lens,camera,-0.02148307472100819
244,meal,dinner,0.3335017926859849
245,eye,tear,0.022722764859370748
246,god,devil,0.025263236464416416
247,loop,belt,-0.04420153695837992
248,rat,mouse,0.04375816422435752
249,motor,engine,0.2977344764161318
250,car,cab,-0.04589417584653721
251,cat,lion,0.08198917924365767
252,size,magnitude,0.07853889851285778
253,reality,fantasy,0.19322895065725954
254,door,gate,0.08090916931756764
255,cat,pet,0.1686201953347889
256,tin,aluminum,0.1294903067354486
257,bone,jaw,0.2875996502558247
258,cereal,wheat,-0.07470662072274181
259,house,key,0.4967699698855461
260,blood,flesh,0.01249291046045431
261,door,corridor,-0.08008151252712392
262,god,spirit,0.144921314956713
263,capability,competence,0.09795829405807654
264,abundance,plenty,0.17586994305616455
265,sofa,chair,-0.04659374574737862
266,wall,brick,0.09421466077851148
267,horn,drum,0.13227008675941654
268,organ,liver,0.1892372050941059
269,strength,might,0.22755827502768444
270,phrase,word,0.11272147169325819
271,band,parade,0.01964954689856735
272,stomach,waist,-0.04362301821601178
273,cloud,storm,0.03129949743314242
274,joy,pride,0.17745678224513095
275,noise,rattle,-0.1523403839848383
276,rain,mist,-0.024235129222951457
277,beer,beverage,-0.008581195902754857
278,man,uncle,0.42359067806925044
279,apple,juice,0.1779930858483355
280,intelligence,logic,-0.04178819341210538
281,communication,language,0.2519610218642213
282,mink,fur,-0.11988656989019031
283,mob,crowd,0.1903580637086113
284,shore,coast,0.1974241583136268
285,wire,cord,-0.020487609206325308
286,bird,turkey,0.041321670635583896
287,bed,crib,-0.07523597129514914
288,competence,ability,0.12175350907830595
289,cloud,haze,0.11263889889454293
290,supper,meal,0.21613475954305394
291,bar,cage,0.14539680203339223
292,water,salt,0.019666398357736092
293,sense,intuition,-0.021973709781501594
294,situation,condition,0.5009073851196292
295,crime,theft,-0.12463696850320338
296,style,fashion,0.5363216559178363
297,boundary,border,0.18278001757724072
298,arm,body,0.20605064465894973
299,boat,car,0.4140058045582484
300,sandwich,lunch,0.010737073237751305
301,bride,princess,-0.011341374617009015
302,heroine,hero,0.2062553148539613
303,car,gauge,0.05800827209712256
304,insect,bee,0.14032190170870795
305,crib,cradle,0.023267741435080147
306,animal,person,0.345314594382943
307,marijuana,herb,-0.15651588216601775
308,bed,hospital,0.3214505403119827
309,cheek,tongue,-0.05537142417210905
310,disc,computer,0.2813540945717139
311,curve,angle,0.07683404530551197
312,grass,moss,-0.04901245387416964
313,school,law,0.8605151791945976
314,foot,head,0.3743634721190271
315,mother,guardian,0.043251546512454886
316,orthodontist,dentist,-0.05601955610497811
317,alcohol,whiskey,-0.0004636689087915702
318,mouth,tooth,0.12956958340319835
319,breakfast,bacon,-0.0029904291241806824
320,bathroom,bedroom,-0.015467221727622382
321,plate,bowl,0.08449039954810067
322,meat,bacon,0.0027758137161558727
323,air,helium,0.018082272442241698
324,worker,employer,0.18613862694292116
325,body,chest,0.078668314057605
326,son,father,0.9382928221146308
327,heart,surgery,0.3617389937630693
328,woman,secretary,0.4788738701712666
329,man,father,0.7660174809230956
330,beach,island,0.09733534575890823
331,story,topic,0.31605442445196064
332,game,fun,0.03470079890934441
333,weekend,week,0.31737891674431395
334,couple,pair,0.5409434626587761
335,woman,wife,0.6262691393352349
336,sheep,cattle,0.1776725554726275
337,purse,bag,0.30151670206659553
338,ceiling,cathedral,0.2515905126599999
339,bean,coffee,0.02739783599936041
340,wood,paper,0.20783806327743048
341,top,side,0.685932976082897
342,crime,fraud,0.13205107492591994
343,pain,harm,-0.11548966351456569
344,lover,companion,0.09312313315593801
345,evening,dusk,0.02695636216715347
346,father,daughter,0.8922595496734326
347,wine,liquor,0.25566903035322963
348,cow,goat,-0.11974475202672874
349,belief,opinion,0.30797225491902347
350,reality,illusion,-0.015552895000831013
351,pact,agreement,0.21402889212974785
352,wealth,poverty,0.24171572656393026
353,accident,emergency,0.1107572092233724
354,battle,conquest,0.09811886452779461
355,friend,teacher,0.7080248370036881
356,illness,infection,0.22401672029883857
357,game,trick,0.24991893959965283
358,brother,son,0.9140252517324743
359,aunt,nephew,0.346054180491951
360,worker,mechanic,0.16593037199725513
361,doctor,orthodontist,0.060363314915407806
362,oak,maple,0.10131162767842516
363,bee,queen,0.06144881629137422
364,car,bicycle,0.19330997316473097
365,goal,quest,0.15535493198811312
366,august,month,0.07985509428327742
367,army,squad,0.5178806073775234
368,cloud,weather,0.17802248366326356
369,physician,doctor,0.3988818340791479
370,canyon,valley,0.10406958581223225
371,river,valley,0.06866856138443322
372,sun,sky,-0.04277607806700234
373,target,arrow,0.05623343176221607
374,chocolate,pie,0.07763541545293129
375,circumstance,situation,0.012891211241151557
376,opinion,choice,0.18216940187381048
377,rhythm,melody,0.3296891772630024
378,gut,nerve,0.17137675416665676
379,day,dawn,-0.0072542022813615326
380,cattle,beef,0.03170898211668549
381,doctor,professor,0.5724191506625167
382,arm,vein,-0.10702656576458236
383,room,bath,-0.06063005558339074
384,corporation,business,0.1754721472881362
385,fun,football,0.06253535294053947
386,hill,cliff,-0.05960186841548376
387,bone,ankle,0.20624440397318988
388,apple,candy,0.005880716370095129
389,helper,maid,-0.15911331867776268
390,leader,manager,0.7887665468922666
391,lemon,tea,0.03496567655609695
392,bee,ant,0.059649687986109146
393,basketball,baseball,0.7916406142733363
394,rice,bean,0.13753806363507337
395,bed,furniture,0.17247415004663036
396,emotion,passion,-0.09728733435608095
397,anarchy,chaos,0.08252519768791788
398,crime,violation,0.08251122475180217
399,machine,engine,0.20762222220910875
400,beach,sea,0.16592556295879834
401,alley,bowl,-0.03961132639323317
402,jar,bottle,-0.007164233721838276
403,strength,capability,0.12849047373942513
404,seed,mustard,-0.003639741618370662
405,guitar,drum,0.3460404409887252
406,opinion,idea,0.3221788581229573
407,north,west,0.6593924633104724
408,diet,salad,-0.07063574644493187
409,mother,wife,0.9115031334664163
410,dad,mother,0.05404887709434991
411,captain,sailor,0.05414403309911098
412,meter,yard,0.18677769264598298
413,beer,champagne,0.28545452835075646
414,motor,boat,0.3870377662016389
415,card,bridge,0.2536659821587375
416,science,psychology,0.4357851600101764
417,sinner,saint,-0.04910024551447423
418,destruction,construction,0.2509591930692414
419,crowd,bunch,0.1849526129192579
420,beach,reef,-0.03342522642070911
421,man,child,0.7818654781308146
422,bread,cheese,0.18846074302362303
423,champion,winner,0.5965195172265276
424,celebration,ceremony,0.1612286532654884
425,menu,order,-0.009322643680611531
426,king,princess,0.2554291821754846
427,wealth,prestige,0.14124592742840325
428,endurance,strength,0.020565502763855492
429,danger,threat,0.2484614656409253
430,god,priest,0.1910275518917559
431,men,fraternity,0.08859002789657067
432,buddy,companion,0.17418316815814194
433,teacher,helper,-0.13239607731912217
434,body,stomach,0.18648673910494062
435,tongue,throat,-0.02458120562838162
436,house,carpet,0.03289719501347055
437,intelligence,skill,0.16660089045462645
438,journey,conquest,-0.01129565096994245
439,god,prey,-0.09764322256195879
440,brother,soul,0.13338959229183445
441,adversary,opponent,0.1725160857046274
442,death,catastrophe,-0.17786311540787536
443,monster,demon,-0.11945911177715485
444,day,morning,0.31000255261013065
445,man,victor,-0.06397330326619999
446,friend,guy,0.10444042725051028
447,song,story,0.746290096876449
448,ray,sunshine,0.06010877608175613
449,guy,stud,0.05291335273096631
450,chicken,rice,0.011836674799962865
451,box,elevator,0.13264610832903756
452,butter,potato,0.01627927865483869
453,apartment,furniture,-0.06783628897741978
454,lake,swamp,0.20327552218001066
455,salad,vinegar,0.01814840171793508
456,flower,bulb,0.09707075919305952
457,cloud,mist,-0.011012412643624625
458,driver,pilot,0.5080670096409178
459,sugar,honey,-0.0701322786324241
460,body,shoulder,0.2862683586083927
461,idea,image,0.42968809569197775
462,father,brother,0.9065879894513477
463,moon,planet,0.07431896114038816
464,ball,costume,0.13063668393088357
465,rail,fence,0.1725156878646651
466,room,bed,0.29507574352450483
467,flower,bush,0.1575477916149759
468,bone,knee,0.36109432333769653
469,arm,knee,0.3511073946693941
470,bottom,side,0.12621792290611533
471,vessel,vein,0.13114282707970615
472,cat,rabbit,-0.00062530081198231
473,meat,sandwich,0.07558755853502597
474,belief,concept,0.27580522155257126
475,intelligence,insight,0.04165770112753686
476,attention,interest,0.6261002808224666
477,attitude,confidence,0.07555710887873046
478,right,justice,0.30543890699044485
479,argument,agreement,0.3819537262984539
480,depth,magnitude,0.15897489264459042
481,medium,news,0.18377910637335215
482,winner,candidate,0.5880528062675325
483,birthday,date,0.2758787417916502
484,fee,payment,0.2653291226822083
485,bible,hymn,0.06283047684576004
486,exit,doorway,0.1203198969116952
487,man,sentry,-0.06355046714203016
488,aisle,hall,-0.011025619744355897
489,whiskey,gin,0.05562956759870519
490,blood,marrow,0.006920871264543327
491,oil,mink,-0.12324375990935077
492,floor,deck,0.3646568637980212
493,roof,floor,0.18957876207250957
494,door,floor,0.19278462608416702
495,shoulder,head,0.15241047595680302
496,wagon,carriage,-0.005527014064917513
497,car,carriage,0.07745455500977871
498,elbow,ankle,0.2253103355952979
499,wealth,fame,0.23673368066964717
500,sorrow,shame,0.09084645308773132
501,administration,management,0.6253959556085114
502,communication,conversation,0.23550431898719681
503,pollution,atmosphere,0.03853923718965602
504,anatomy,biology,0.18910656721970687
505,college,profession,0.2351524082041112
506,book,topic,0.2743367271912964
507,formula,equation,-0.10940816671058484
508,book,information,0.4791011035470214
509,boy,partner,0.457147370997965
510,sky,universe,0.075758155685139
511,population,people,0.38935434714434725
512,college,class,0.6047014279805326
513,chief,mayor,0.6195311461056237
514,rabbi,minister,0.30844936900129616
515,meter,inch,0.033871066230698355
516,polyester,cotton,-0.07392342994426393
517,lawyer,banker,0.281990462800343
518,violin,instrument,0.13453847424668763
519,camp,cabin,0.06621443926874149
520,pot,appliance,0.20658423003082194
521,linen,fabric,0.012471575669611434
522,whiskey,champagne,-0.05220760648538869
523,girl,child,0.49546387207914133
524,cottage,cabin,0.23954204086986675
525,bird,hen,-0.015105595348865686
526,racket,noise,-0.05913486658896705
527,sunset,evening,0.03502571166222668
528,adult,baby,0.32705868098958113
529,charcoal,coal,0.09676147373544841
530,body,spine,0.15337457182268177
531,head,nail,-0.17381088134619715
532,log,timber,0.18194137219117468
533,spoon,cup,-0.02582507922782229
534,body,nerve,-0.049358641848255
535,man,husband,0.6760440856042546
536,bone,neck,0.2789118273383304
537,frustration,anger,-0.0031867284760200842
538,river,sea,0.10246999315141458
539,task,job,0.4020063539122376
540,club,society,0.5734013069501184
541,reflection,image,0.2831262925831033
542,prince,king,0.36908597209237937
543,snow,weather,0.18122571112545482
544,people,party,0.6793653191418303
545,boy,brother,0.3733932286436559
546,root,grass,0.00695239451283991
547,brow,eye,0.127089153711052
548,money,pearl,-0.07675760133024356
549,money,diamond,0.20849727348713065
550,vehicle,bus,0.16074378753655427
551,cab,bus,-0.06907568733810976
552,house,barn,-0.009817155381476317
553,finger,palm,-0.10959773913512527
554,car,bridge,0.3347976554913309
555,effort,difficulty,0.19148503082750223
556,fact,insight,0.12647214250168193
557,job,management,0.6946394102346367
558,cancer,sickness,0.06347775850912851
559,word,newspaper,0.43911442506525344
560,composer,writer,0.7794174633901332
561,actor,singer,0.7978816088593794
562,shelter,hut,0.08255897382425414
563,bathroom,kitchen,0.022426491747234434
564,cabin,hut,0.09753432012286234
565,door,kitchen,0.022952444473038125
566,value,belief,0.18094464357641804
567,wisdom,intelligence,0.24654834304718776
568,ignorance,intelligence,0.090206978103468
569,happiness,luck,0.08980835269256637
570,idea,scheme,0.2935761179628198
571,mood,emotion,-0.01339540138313744
572,happiness,peace,0.08213878461747959
573,despair,misery,0.19551199915686346
574,logic,arithmetic,0.22373406699415554
575,denial,confession,0.24661125893926106
576,argument,criticism,0.15081461084685477
577,aggression,hostility,0.08168025408576107
578,hysteria,confusion,-0.008360719757049662
579,chemistry,theory,0.35591579808185614
580,trial,verdict,0.15766977221768663
581,comfort,safety,0.041051865221349404
582,confidence,self,0.3853925309632008
583,vision,perception,0.24433124118023863
584,era,decade,0.23070690515528025
585,biography,fiction,0.3714697660484303
586,discussion,argument,0.2335868697150546
587,code,symbol,0.3191377608309127
588,danger,disease,0.14125985483836867
589,accident,catastrophe,0.018244072467266448
590,journey,trip,0.40773296214250976
591,activity,movement,0.4924329541186494
592,gossip,news,0.03873757627682295
593,father,god,0.04362057964549715
594,action,course,0.6232490807621625
595,fever,illness,0.057686207044984505
596,aviation,flight,0.21360131813871275
597,game,action,0.66510969948353
598,molecule,air,-0.032509328861441755
599,home,state,0.7742423066380147
600,word,literature,0.361397610027808
601,adult,guardian,0.08046809037594682
602,newspaper,information,0.4780021675873609
603,communication,television,0.20960200649894845
604,cousin,uncle,0.6029610844685981
605,author,reader,0.2368670178223835
606,guy,partner,0.14954343142251858
607,area,corner,0.2878385646550141
608,ballad,song,0.2033456709494622
609,wall,decoration,0.2884572216869764
610,word,page,0.27507819179382165
611,nurse,scientist,0.45635525537508004
612,politician,president,0.6276938907423018
613,president,mayor,0.7513229576586101
614,book,essay,0.2897445637571313
615,man,warrior,0.11681373888688318
616,article,journal,0.39265577710976385
617,breakfast,supper,0.18043492716340015
618,crowd,parade,0.11982630323435106
619,aisle,hallway,0.2773036885940494
620,teacher,rabbi,0.21672561254805567
621,hip,lip,-0.01647611462881815
622,book,article,0.48896485876936036
623,room,cell,0.25143397341742435
624,box,booth,0.11388894104735292
625,daughter,kid,0.06530848271618195
626,limb,leg,0.11005111294056091
627,liver,lung,0.2374100438865192
628,classroom,hallway,0.1299743484985918
629,mountain,ledge,0.022685796054979335
630,car,elevator,0.2166171068347098
631,bed,couch,-0.014101703808644395
632,clothes,button,0.1395714643836251
633,clothes,coat,0.0837707231853102
634,kidney,organ,0.3595770798897244
635,apple,sauce,0.09920800114269945
636,chicken,steak,0.01794780617442815
637,car,hose,-0.011169753369714819
638,tobacco,cigarette,0.022853369662182654
639,student,professor,0.780457517835854
640,baby,daughter,0.1979515085059591
641,pipe,cigar,0.12311823438456748
642,milk,juice,0.11666267691235566
643,box,cigar,0.10211333926088706
644,apartment,hotel,0.33075961289980105
645,cup,cone,-0.10558283577105221
646,horse,ox,-0.02945230555798961
647,throat,nose,0.1898313098409029
648,bone,teeth,0.057058384418598895
649,bone,elbow,0.15879273642425862
650,bacon,bean,0.1313409621956706
651,cup,jar,-0.01144471594603158
652,proof,fact,0.3291701556999409
653,appointment,engagement,0.4979005245517403
654,birthday,year,0.349175273379873
655,word,clue,-0.00039340464750048376
656,author,creator,0.445199739067458
657,atom,carbon,-0.08191611067304838
658,archbishop,bishop,0.26904073575566145
659,letter,paragraph,-0.08516543224946815
660,page,paragraph,0.0599416594180181
661,steeple,chapel,-0.22623984144048492
662,muscle,bone,0.37683297067824495
663,muscle,tongue,-0.09262234941539149
664,boy,soldier,0.3282994389691378
665,belly,abdomen,0.11435238760373867
666,guy,girl,0.17477734341807616
667,bed,chair,0.05665684762130818
668,clothes,jacket,0.20798042714352283
669,gun,knife,0.2178619896362295
670,tin,metal,0.21629653105722801
671,bottle,container,0.10415421831162264
672,hen,turkey,-0.01391668245862654
673,meat,bread,0.11662086152201034
674,arm,bone,0.23303616257251725
675,neck,spine,0.2128517467486143
676,apple,lemon,-0.024399970085764666
677,agony,grief,-0.07354097286857941
678,assignment,task,0.3518331649117439
679,night,dawn,0.1585779473392248
680,dinner,soup,0.011234375055483858
681,calf,bull,0.10937575324128423
682,snow,storm,0.4155622534014327
683,nail,hand,-0.02490490161578518
684,dog,horse,0.24155370665148157
685,arm,neck,0.18613360554086666
686,ball,glove,-0.0049379728545349
687,flu,fever,-0.011292815093637554
688,fee,salary,0.2798586621808523
689,nerve,brain,0.0712558367736531
690,beast,animal,-0.03842913246701052
691,dinner,chicken,0.20303305638675195
692,girl,maid,0.08941013898047989
693,child,boy,0.6717081243911808
694,alcohol,wine,0.04844870251304112
695,nose,mouth,0.08756811610124793
696,street,car,0.4317831702924677
697,bell,door,0.24888907228057422
698,box,hat,0.29523549683941663
699,belief,impression,0.16673064417966776
700,bias,opinion,0.10022970457818547
701,attention,awareness,0.34605713500213686
702,anger,mood,0.2850454890820191
703,elegance,style,0.028025428055293733
704,beauty,age,0.13800236805436195
705,book,theme,0.29241551643421904
706,friend,mother,0.8028547427481422
707,vitamin,iron,-0.14080135867200583
708,car,factory,0.48073172038626155
709,pact,condition,0.0602051958515627
710,chapter,choice,0.14105850998217817
711,arithmetic,rhythm,-0.06550261808914337
712,winner,presence,0.22727736842091928
713,belief,flower,0.056699274379620634
714,winner,goal,0.5874315276351413
715,trick,size,0.24590522359304678
716,choice,vein,0.0024935114373714207
717,hymn,conquest,-0.008600588918869834
718,endurance,band,-0.0916970570578548
719,jail,choice,0.21235968399033367
720,condition,boy,0.48665977262685356
721,flower,endurance,-0.08428556505855478
722,hole,agreement,0.2423451669484551
723,doctor,temper,0.021682937344933317
724,fraternity,door,-0.011187450999625925
725,task,woman,0.3745807630671394
726,fraternity,baseball,0.1300194425946628
727,cent,size,0.07669146911009428
728,presence,door,0.1910319933969411
729,mouse,management,0.14221379893045794
730,task,highway,-0.03175948376557214
731,liquor,century,-0.003961559867874831
732,task,straw,0.03921444101915261
733,island,task,0.17082291571156838
734,night,chapter,0.19753072361401303
735,pollution,president,-0.2360585266531796
736,gun,trick,0.3189721406865238
737,bath,trick,0.09734558770058332
738,diet,apple,-0.09396474045844005
739,cent,wife,-0.0927266930015973
740,chapter,tail,0.03359222920250238
741,course,stomach,0.10033064065906772
742,hymn,straw,0.169468430785072
743,dentist,colonel,-0.04246487867564497
744,wife,straw,-0.16973985146205384
745,hole,wife,0.11765681867825006
746,pupil,president,0.2804996311740202
747,bath,wife,-0.06445903860375157
748,people,cent,-0.03999065139765423
749,formula,log,0.1295230615996149
750,woman,fur,0.05587641514715069
751,apple,sunshine,-0.06516875200863859
752,gun,dawn,0.08094264409585872
753,meal,waist,0.06927951355127926
754,camera,president,0.16970015985352183
755,liquor,band,0.031380176084025435
756,stomach,vein,-0.030833338972791946
757,gun,fur,0.17562729120647302
758,couch,baseball,-0.11672520007800546
759,worker,camera,0.2568928348335424
760,deck,mouse,-0.02903091200351282
761,rice,boy,0.09725268367539863
762,people,gun,0.20479167782636154
763,cliff,tail,0.07933462967394156
764,ankle,window,0.12482316592934295
765,princess,island,0.2750821280124386
766,container,mouse,0.10507354117667067
767,wagon,container,0.1225112681018159
768,people,balloon,0.0013865517906325175
769,dollar,people,0.12522769484082552
770,bath,balloon,0.0529164737454787
771,stomach,bedroom,0.1672097788442839
772,bicycle,bedroom,0.11066132318582056
773,log,bath,0.13172061653609113
774,bowl,tail,0.2503542582088788
775,go,come,0.7330185663313146
776,take,steal,0.0977222683192921
777,listen,hear,0.32912256243997895
778,occur,happen,0.18552458680589223
779,vanish,disappear,-0.07742228302941867
780,multiply,divide,-0.0729004310579402
781,plead,beg,0.19869900162815457
782,begin,originate,0.04504845523412737
783,protect,defend,0.4872120097391298
784,kill,destroy,-0.08377528016915692
785,create,make,0.7012586966938725
786,accept,reject,0.27046152193270245
787,ignore,avoid,0.2573876433928248
788,carry,bring,0.47327136041057183
789,leave,enter,0.45802720398861885
790,choose,elect,0.024466419989805255
791,lose,fail,0.3289824967040964
792,encourage,discourage,0.27032855815422285
793,achieve,accomplish,0.3151315473852454
794,make,construct,0.14590436411647212
795,listen,obey,0.1987215335228646
796,inform,notify,0.08708729052438846
797,receive,give,0.5896051674560059
798,borrow,beg,0.14306087724448957
799,take,obtain,0.5763891610070887
800,advise,recommend,0.20435726040064062
801,imitate,portray,0.3045909759413722
802,win,succeed,0.03749529074324953
803,think,decide,0.0393153840164957
804,greet,meet,0.14304634738072586
805,agree,argue,0.20853806639063188
806,enjoy,entertain,0.21192957804176193
807,destroy,make,0.10073976180821431
808,save,protect,0.46791477562428163
809,give,lend,0.22258225054121905
810,understand,know,0.2831996157688098
811,take,receive,0.6505065944316649
812,accept,acknowledge,0.22197134566391585
813,decide,choose,0.2796026909249254
814,accept,believe,0.04894041691990891
815,keep,possess,-0.122668799458024
816,succeed,fail,0.1998937208826821
817,spend,save,0.3381860491065406
818,leave,go,0.6457124527671754
819,come,attend,0.4535455970497654
820,know,believe,0.27179337668818837
821,gather,meet,-0.09535931025246613
822,make,earn,0.4624146030152161
823,forget,ignore,0.2836166609907709
824,multiply,add,-0.1982789638366118
825,shrink,grow,-0.04828148535339105
826,arrive,leave,0.12287850626163954
827,succeed,try,0.168309040740948
828,accept,deny,0.336085071046356
829,arrive,come,0.1512297456031575
830,agree,differ,0.15024355269409517
831,send,receive,0.4890934579085513
832,win,dominate,-0.029554989736834347
833,add,divide,0.4315733899667218
834,kill,choke,-0.057391521080021546
835,acquire,get,0.3075457230638434
836,participate,join,0.3446844456597271
837,leave,remain,0.5908745568630579
838,go,enter,0.5353242241770494
839,take,carry,0.43761826330279807
840,forget,learn,0.2185799133870283
841,appoint,elect,0.09589540110133665
842,engage,marry,0.2978492427270556
843,ask,pray,0.227999431520713
844,go,send,0.4191011821781383
845,take,deliver,0.34007946626633867
846,speak,hear,0.37270480786746063
847,analyze,evaluate,0.2655866858665412
848,lose,keep,0.48955560707031753
849,compare,analyze,0.2989911427453764
850,go,allow,0.6279240814746003
851,take,possess,0.058526643226407105
852,learn,listen,0.3412141859718708
853,destroy,construct,0.14212632570247918
854,create,build,0.6306456555072864
855,steal,buy,0.24357033233075165
856,kill,hang,0.25208161698228815
857,forget,know,0.2636938834804663
858,create,imagine,0.09477426172389947
859,do,happen,0.21251260431134578
860,win,accomplish,-0.028293723958603856
861,give,deny,0.14464249049194433
862,deserve,earn,0.10700164588755734
863,get,put,0.6138271203595794
864,locate,find,0.23675621373483557
865,appear,attend,0.4691767891515033
866,pretend,imagine,0.23190857294583855
867,satisfy,please,-0.044242804641337896
868,cherish,keep,0.029209012415459035
869,argue,differ,0.06149504438587683
870,overcome,dominate,0.21886489717113822
871,behave,obey,0.06850797747399062
872,cooperate,participate,0.1036070840173019
873,achieve,try,0.22781907047191252
874,fail,discourage,0.2189924457430219
875,begin,quit,0.34328730272769903
876,say,participate,0.3316750675925384
877,come,bring,0.502081203917686
878,declare,announce,0.2065950970117535
879,take,leave,0.6264594021723929
880,proclaim,announce,0.05472178197355648
881,acquire,obtain,0.27003977334256546
882,conclude,decide,0.37019798053657516
883,please,plead,0.0971365928154887
884,argue,prove,0.27242276852884917
885,ask,plead,0.22991992911395331
886,find,disappear,0.02948557077487668
887,inspect,examine,0.24504022152598148
888,verify,justify,0.25843775376172107
889,assume,predict,0.2159810142902172
890,learn,evaluate,0.2546876739651738
891,argue,justify,0.20108594818935832
892,make,become,0.7385267463798013
893,discover,originate,0.10028868718942885
894,achieve,succeed,0.029668781791946763
895,give,put,0.6269752478915035
896,understand,listen,0.1946468592205941
897,expand,grow,0.2851769865974716
898,borrow,sell,0.018948428409099383
899,keep,protect,0.43872357263727046
900,explain,prove,0.4469241170728897
901,assume,pretend,0.03320034796138582
902,agree,please,0.26630432111256486
903,forgive,forget,0.14995234974448612
904,clarify,explain,0.09690398176784487
905,understand,forgive,0.18489685579264625
906,remind,forget,0.3026646966656813
907,get,remain,0.49726693726167026
908,realize,discover,0.26101334067243553
909,require,inquire,0.0043605707058319565
910,ignore,ask,0.26486631817241046
911,think,inquire,-0.10792090984082381
912,reject,avoid,0.2598191824851539
913,argue,persuade,-0.030104482249405873
914,pursue,persuade,0.40057399613468636
915,accept,forgive,0.16487895334214375
916,do,quit,0.3611584691598244
917,investigate,examine,0.24781891148671076
918,discuss,explain,0.21991392011066802
919,owe,lend,0.06481198391269127
920,explore,discover,0.24159211198137664
921,complain,argue,0.060987810097173134
922,withdraw,reject,0.12302816209175182
923,keep,borrow,-0.144016481241533
924,beg,ask,0.14165512403291303
925,arrange,organize,0.11888272403866784
926,reduce,shrink,0.07958079821786346
927,speak,acknowledge,0.1534057785513503
928,give,borrow,0.01321204646490115
929,kill,defend,0.2820781263219547
930,disappear,shrink,0.013681846737866543
931,deliver,carry,0.2625803676176546
932,breathe,choke,0.08226885134705586
933,acknowledge,notify,0.03785751230046852
934,become,seem,0.2580784924915467
935,pretend,seem,0.3849383419581248
936,accomplish,become,-0.015389044326501011
937,contemplate,think,-0.08149729648171
938,determine,predict,0.2401322317034198
939,please,entertain,0.20271768923305789
940,remain,retain,0.24823050691298398
941,pretend,portray,0.2666323158455324
942,forget,retain,0.10926827606999134
943,want,choose,0.21229360179743473
944,lose,get,0.5415683204831642
945,try,think,0.25741139043851446
946,become,appear,0.46895400684486277
947,leave,ignore,-0.00820766711320653
948,accept,recommend,0.18155002831315192
949,leave,wander,-0.06904130311181356
950,keep,give,0.7458343569777509
951,give,allow,0.6346842165755633
952,bring,send,0.4572660528333238
953,absorb,learn,0.2545260808078369
954,acquire,find,0.3656285918391582
955,leave,appear,0.4201117410267794
956,create,destroy,0.15216713744228505
957,begin,go,0.4355800254361293
958,get,buy,0.5074086968596728
959,collect,save,0.26987474918390597
960,replace,restore,0.05201397420801601
961,join,add,0.25251945115725194
962,join,marry,0.30712809930199336
963,accept,deliver,0.5328613896878858
964,attach,join,-0.11722308074735932
965,put,hang,-0.0061221530070985075
966,go,sell,0.4272727518772492
967,communicate,pray,0.21638723609733934
968,give,steal,0.1120333421041464
969,add,build,0.43286671563046863
970,bring,restore,0.2068844964438531
971,portray,decide,0.4149121202704762
972,organize,become,0.1735491305475445
973,give,know,0.3917963393144295
974,say,verify,0.1806270931477736
975,cooperate,join,-0.01919630361682101
976,arrange,require,0.1786939100961169
977,borrow,want,-0.04733220964266227
978,investigate,pursue,0.15859657597909615
979,ignore,explore,0.17611830506358306
980,bring,complain,0.09052217330594281
981,enter,owe,0.21151979770506912
982,portray,notify,0.04068262662681876
983,remind,sell,0.09987876105925997
984,absorb,possess,-0.035868185335374614
985,join,acquire,0.1661780255989045
986,send,attend,0.24845629030452432
987,gather,attend,-0.0800953841181824
988,absorb,withdraw,0.19819039916608494
989,attend,arrive,0.1409083374019282
990,math,male,0.032102908098155636
991,math,man,0.03978754551962416
992,math,boy,0.09374823757522122
993,math,brother,-0.11172815130708158
994,math,he,-0.07019014487443331
995,math,him,-0.05013775722389613
996,math,his,0.008454917182238009
997,math,son,-0.12716857792706904
998,math,female,0.09628852475051164
999,math,woman,-0.04417437237994526
1000,math,girl,-0.0010865053435082928
1001,math,sister,0.012448383336846947
1002,math,she,-0.0605670142252428
1003,math,her,0.001943701070208359
1004,math,hers,-0.030170614771502846
1005,math,daughter,-0.0635217700913222
1006,algebra,male,-0.01763535837223862
1007,algebra,man,-0.03031040607902824
1008,algebra,boy,0.15173429729759513
1009,algebra,brother,0.02734132126266986
1010,algebra,he,-0.045543268440279894
1011,algebra,him,-0.03675117859536403
1012,algebra,his,-0.04056964255258655
1013,algebra,son,-0.03683517157545335
1014,algebra,female,-0.012913085748054831
1015,algebra,woman,-0.11332166318141712
1016,algebra,girl,0.08874484828328633
1017,algebra,sister,0.031895408439994166
1018,algebra,she,-0.04368230946389828
1019,algebra,her,-0.03836377924529999
1020,algebra,hers,0.04823704309275678
1021,algebra,daughter,-0.0506136671478159
1022,geometry,male,0.03987915204386072
1023,geometry,man,-0.008033717086795233
1024,geometry,boy,-0.07316496851673437
1025,geometry,brother,-0.07298635084784344
1026,geometry,he,-0.06497041533248216
1027,geometry,him,-0.06366414647360297
1028,geometry,his,-0.045588387229251515
1029,geometry,son,-0.0676405679174954
1030,geometry,female,-0.06664208419508877
1031,geometry,woman,-0.030535573547772143
1032,geometry,girl,-0.024669390732111607
1033,geometry,sister,0.00023021642535403508
1034,geometry,she,-0.039401506395129404
1035,geometry,her,-0.04587710352827834
1036,geometry,hers,-0.10523519018994532
1037,geometry,daughter,-0.04593899668344226
1038,calculus,male,-0.07376010111069231
1039,calculus,man,-0.1518881038266231
1040,calculus,boy,-0.17602609454096574
1041,calculus,brother,-0.24631002143762792
1042,calculus,he,-0.20459403965279255
1043,calculus,him,-0.19548203538453413
1044,calculus,his,-0.19556743211750383
1045,calculus,son,-0.2442027564902869
1046,calculus,female,-0.12298500682654234
1047,calculus,woman,-0.1595044180550096
1048,calculus,girl,-0.12419203598591633
1049,calculus,sister,-0.12807536168036138
1050,calculus,she,-0.2056609886078009
1051,calculus,her,-0.18147711920775755
1052,calculus,hers,-0.13890582551144237
1053,calculus,daughter,-0.21938791652513823
1054,equations,male,0.2682729523790208
1055,equations,man,0.04857996188093139
1056,equations,boy,0.09065499842501346
1057,equations,brother,-0.07687341697715278
1058,equations,he,-0.08513998321064742
1059,equations,him,-0.06200702126559943
1060,equations,his,-0.027545706016265603
1061,equations,son,-0.10536674143144475
1062,equations,female,0.23438118318571277
1063,equations,woman,0.13197004135565704
1064,equations,girl,0.13917740842709891
1065,equations,sister,-0.018230387054263053
1066,equations,she,-0.10092493752178955
1067,equations,her,-0.038542050902851566
1068,equations,hers,0.060081440279813436
1069,equations,daughter,-0.05821825849057505
1070,computation,male,-0.1018805442788886
1071,computation,man,-0.20644210476004865
1072,computation,boy,0.02007326142092669
1073,computation,brother,-0.09972792658159912
1074,computation,he,-0.17729581507155978
1075,computation,him,-0.20407980125966452
1076,computation,his,-0.159332334950808
1077,computation,son,-0.05966168589390208
1078,computation,female,-0.11522098287335392
1079,computation,woman,-0.11792422915108403
1080,computation,girl,-0.004190187781986543
1081,computation,sister,-0.16756953784503126
1082,computation,she,-0.19978854586497707
1083,computation,her,-0.198755807719333
1084,computation,hers,0.05355345483688101
1085,computation,daughter,-0.04915874421702693
1086,numbers,male,0.3659438409943463
1087,numbers,man,0.35536248525485625
1088,numbers,boy,0.3125427776042773
1089,numbers,brother,0.13334488651713028
1090,numbers,he,0.18207041814478087
1091,numbers,him,0.2817810978211823
1092,numbers,his,0.31478384989473285
1093,numbers,son,0.18461500945063292
1094,numbers,female,0.35942553424513957
1095,numbers,woman,0.3011043065970046
1096,numbers,girl,0.11625268494641128
1097,numbers,sister,0.2041500580873532
1098,numbers,she,0.16416670142637946
1099,numbers,her,0.31022765992143986
1100,numbers,hers,-0.034202945318349
1101,numbers,daughter,0.18998968161991248
1102,addition,male,0.3502023974648809
1103,addition,man,0.6422713744226382
1104,addition,boy,0.40094254773480886
1105,addition,brother,0.7073529229089724
1106,addition,he,0.8242051210098238
1107,addition,him,0.8051787018532922
1108,addition,his,0.839709483222599
1109,addition,son,0.7450022084375397
1110,addition,female,0.3495760535443193
1111,addition,woman,0.5147520032601038
1112,addition,girl,0.2698764862627129
1113,addition,sister,0.6765120249226394
1114,addition,she,0.8359978793672195
1115,addition,her,0.8188769940803424
1116,addition,hers,-0.09019426449413759
1117,addition,daughter,0.7343996338246175
1118,poetry,male,0.31313969579580636
1119,poetry,man,0.49174324267675285
1120,poetry,boy,0.3267952152287019
1121,poetry,brother,0.46585974075904457
1122,poetry,he,0.44355997433723937
1123,poetry,him,0.49703336223539796
1124,poetry,his,0.568843417042213
1125,poetry,son,0.5055051432512753
1126,poetry,female,0.3762458694073969
1127,poetry,woman,0.4181763491554311
1128,poetry,girl,0.23789451086082403
1129,poetry,sister,0.5374552541080242
1130,poetry,she,0.465632432008275
1131,poetry,her,0.5696591692773935
1132,poetry,hers,0.02390712930992045
1133,poetry,daughter,0.49156813793167387
1134,art,male,0.5678915850410048
1135,art,man,0.7803478404689747
1136,art,boy,0.5487720539505465
1137,art,brother,0.6088880168932734
1138,art,he,0.6930786940934447
1139,art,him,0.7605335654515837
1140,art,his,0.8088499814434605
1141,art,son,0.6737927258321724
1142,art,female,0.6343223719961638
1143,art,woman,0.6582640993023517
1144,art,girl,0.3890053301357306
1145,art,sister,0.6690283901448494
1146,art,she,0.6798426229200422
1147,art,her,0.788333278780163
1148,art,hers,-0.06071188069873745
1149,art,daughter,0.6860427855729766
1150,dance,male,0.47264147065185247
1151,dance,man,0.5691246582492773
1152,dance,boy,0.417802728408148
1153,dance,brother,0.398432009160369
1154,dance,he,0.4788640185429285
1155,dance,him,0.5381842965655457
1156,dance,his,0.5779610727328872
1157,dance,son,0.4549846746436903
1158,dance,female,0.38882403961787104
1159,dance,woman,0.4382189857840526
1160,dance,girl,0.3812915037914286
1161,dance,sister,0.44989506708748794
1162,dance,she,0.4824710774142875
1163,dance,her,0.567897004082724
1164,dance,hers,-0.04687336988299662
1165,dance,daughter,0.45311460504818335
1166,literature,male,0.4179620305931512
1167,literature,man,0.6468384436409189
1168,literature,boy,0.4351796889315238
1169,literature,brother,0.5863073618355592
1170,literature,he,0.6627168470488048
1171,literature,him,0.6419640074159957
1172,literature,his,0.6836518130938554
1173,literature,son,0.6696539826533369
1174,literature,female,0.47827719478326935
1175,literature,woman,0.5745340390382647
1176,literature,girl,0.3635928299080462
1177,literature,sister,0.5899365793626338
1178,literature,she,0.654321687229993
1179,literature,her,0.6575438409384912
1180,literature,hers,0.08191532441080451
1181,literature,daughter,0.6588541699509273
1182,novel,male,0.4533043194575992
1183,novel,man,0.6155944876981071
1184,novel,boy,0.3624827698867302
1185,novel,brother,0.5378112582649054
1186,novel,he,0.6398190707739745
1187,novel,him,0.6628941589549976
1188,novel,his,0.7207815333217771
1189,novel,son,0.6122979561782422
1190,novel,female,0.5151827413657267
1191,novel,woman,0.5313449509176248
1192,novel,girl,0.3488487105721313
1193,novel,sister,0.613143851650833
1194,novel,she,0.6370954914311621
1195,novel,her,0.7352886841223926
1196,novel,hers,-0.07431253005608895
1197,novel,daughter,0.6270266850383269
1198,symphony,male,0.30845134372088046
1199,symphony,man,0.1099603963318212
1200,symphony,boy,0.22221832865611002
1201,symphony,brother,-0.16048335997815344
1202,symphony,he,-0.0407048530720473
1203,symphony,him,-0.018910857696233352
1204,symphony,his,0.0024312679997999798
1205,symphony,son,-0.04248757855520835
1206,symphony,female,0.17114553444517244
1207,symphony,woman,0.08732383167716407
1208,symphony,girl,0.16346576176484184
1209,symphony,sister,-0.026117735979616308
1210,symphony,she,-0.07831042063030602
1211,symphony,her,-0.005128826625036886
1212,symphony,hers,-0.15883307229995136
1213,symphony,daughter,-0.12978348706533738
1214,drama,male,0.40202767325329547
1215,drama,man,0.4711222715521981
1216,drama,boy,0.32877921874575045
1217,drama,brother,0.3318525277925912
1218,drama,he,0.4493171077406406
1219,drama,him,0.46542003994069936
1220,drama,his,0.5537134451503888
1221,drama,son,0.4047615453243838
1222,drama,female,0.47861826452179157
1223,drama,woman,0.4660577380510169
1224,drama,girl,0.2977140968662434
1225,drama,sister,0.4135192635390036
1226,drama,she,0.4457280354252293
1227,drama,her,0.5150230646101343
1228,drama,hers,-0.24718951314943127
1229,drama,daughter,0.4194055075961385
1230,sculpture,male,0.1025885877755619
1231,sculpture,man,0.2927776167341207
1232,sculpture,boy,0.21953148640996478
1233,sculpture,brother,0.13460226103726258
1234,sculpture,he,0.22906599431096564
1235,sculpture,him,0.27736963774303525
1236,sculpture,his,0.31806814936419237
1237,sculpture,son,0.17492481731277454
1238,sculpture,female,0.11172348821956768
1239,sculpture,woman,0.1967488220522582
1240,sculpture,girl,0.12738272345324675
1241,sculpture,sister,0.2857698685046992
1242,sculpture,she,0.24276479024771158
1243,sculpture,her,0.3092584588757926
1244,sculpture,hers,-0.21899414228682668
1245,sculpture,daughter,0.17443836855407535
1246,science,male,0.43289496560762963
1247,science,man,0.5494172913311319
1248,science,boy,0.3621097020426063
1249,science,brother,0.4183231621260459
1250,science,he,0.5287334443265768
1251,science,him,0.5224469577601984
1252,science,his,0.5859660243647177
1253,science,son,0.48171615278510826
1254,science,female,0.45551670099729846
1255,science,woman,0.4411135208304189
1256,science,girl,0.28406209001660787
1257,science,sister,0.4290961764479855
1258,science,she,0.5110639627003047
1259,science,her,0.5566485812436144
1260,science,hers,-0.1307259757126098
1261,science,daughter,0.46723024671783997
1262,technology,male,0.4535831525943099
1263,technology,man,0.5099746848600911
1264,technology,boy,0.3816895602062813
1265,technology,brother,0.3081386950684435
1266,technology,he,0.4661376311178623
1267,technology,him,0.49421782126883707
1268,technology,his,0.5430215493666802
1269,technology,son,0.36832548155471034
1270,technology,female,0.46646663779587794
1271,technology,woman,0.37473122056129804
1272,technology,girl,0.23256977714983318
1273,technology,sister,0.33224337979568297
1274,technology,she,0.43783030939176204
1275,technology,her,0.4894837828824977
1276,technology,hers,-0.17709683419592426
1277,technology,daughter,0.3501486606457389
1278,physics,male,0.23849770639131052
1279,physics,man,0.2937125430665539
1280,physics,boy,0.3226332243965002
1281,physics,brother,0.281685845942374
1282,physics,he,0.31326298772164773
1283,physics,him,0.25059491095673736
1284,physics,his,0.3179184944799621
1285,physics,son,0.26687270750636594
1286,physics,female,0.1603526619769302
1287,physics,woman,0.19554670431158805
1288,physics,girl,0.2052238710101516
1289,physics,sister,0.3749862257808425
1290,physics,she,0.29173388413771595
1291,physics,her,0.269266437130941
1292,physics,hers,-0.01951102017687978
1293,physics,daughter,0.2965264636823106
1294,chemistry,male,0.10241585659890173
1295,chemistry,man,0.154182565102839
1296,chemistry,boy,0.09593695581205297
1297,chemistry,brother,0.19650545671268738
1298,chemistry,he,0.22981948492999693
1299,chemistry,him,0.183627007404348
1300,chemistry,his,0.20896231282978195
1301,chemistry,son,0.2135214719617018
1302,chemistry,female,0.14128656206310397
1303,chemistry,woman,0.09719899957596256
1304,chemistry,girl,0.0620762961884197
1305,chemistry,sister,0.18086752309036047
1306,chemistry,she,0.2271721573101333
1307,chemistry,her,0.1653021928980113
1308,chemistry,hers,-0.06909622531732507
1309,chemistry,daughter,0.18117417888675746
1310,einstein,male,-0.03374485501016444
1311,einstein,man,-0.014812929284424126
1312,einstein,boy,-0.08109179331138505
1313,einstein,brother,-0.12995843234993587
1314,einstein,he,-0.05283621167883279
1315,einstein,him,-0.013340126929042295
1316,einstein,his,-0.09109003838334262
1317,einstein,son,-0.1565062749523629
1318,einstein,female,-0.05493884168186414
1319,einstein,woman,-0.007317503353226007
1320,einstein,girl,-0.07417118615876195
1321,einstein,sister,-0.19874798595382104
1322,einstein,she,-0.04199100213384255
1323,einstein,her,-0.048513006889158605
1324,einstein,hers,-0.008867742545106694
1325,einstein,daughter,-0.17602702226105027
1326,nasa,male,-0.03374485501016444
1327,nasa,man,-0.014812929284424126
1328,nasa,boy,-0.08109179331138505
1329,nasa,brother,-0.12995843234993587
1330,nasa,he,-0.05283621167883279
1331,nasa,him,-0.013340126929042295
1332,nasa,his,-0.09109003838334262
1333,nasa,son,-0.1565062749523629
1334,nasa,female,-0.05493884168186414
1335,nasa,woman,-0.007317503353226007
1336,nasa,girl,-0.07417118615876195
1337,nasa,sister,-0.19874798595382104
1338,nasa,she,-0.04199100213384255
1339,nasa,her,-0.048513006889158605
1340,nasa,hers,-0.008867742545106694
1341,nasa,daughter,-0.17602702226105027
1342,experiment,male,0.189336996717405
1343,experiment,man,0.21343972334116013
1344,experiment,boy,0.061973947851752254
1345,experiment,brother,0.03367433360627714
1346,experiment,he,0.11623596009384218
1347,experiment,him,0.2002349181269123
1348,experiment,his,0.16794864866623027
1349,experiment,son,0.013117137193047301
1350,experiment,female,0.17164508792121058
1351,experiment,woman,0.20733110057552862
1352,experiment,girl,-0.01619254842167095
1353,experiment,sister,0.03885300385615398
1354,experiment,she,0.1276589486860651
1355,experiment,her,0.17122901127734902
1356,experiment,hers,-0.0693888137160672
1357,experiment,daughter,-0.02932922934606408
1358,astronomy,male,-0.011814119401105438
1359,astronomy,man,0.061392468463965066
1360,astronomy,boy,0.11866774443020167
1361,astronomy,brother,-0.007995538472461483
1362,astronomy,he,0.07951244342272945
1363,astronomy,him,0.03611805724457018
1364,astronomy,his,0.06990720150818164
1365,astronomy,son,0.05148790751402843
1366,astronomy,female,0.025836906716368735
1367,astronomy,woman,0.00035175139015264367
1368,astronomy,girl,-0.05629758554990483
1369,astronomy,sister,0.09887162392440574
1370,astronomy,she,0.0960094104421566
1371,astronomy,her,0.053927590168757256
1372,astronomy,hers,-0.02787162262792431
1373,astronomy,daughter,0.042188656582416884
1374,executive,male,0.45065204316346175
1375,executive,man,0.5650466480285041
1376,executive,boy,0.4646719536988253
1377,executive,brother,0.5357725414618243
1378,executive,he,0.5545490860407943
1379,executive,him,0.591416454763997
1380,executive,his,0.6203089321194464
1381,executive,son,0.5591986575589856
1382,executive,female,0.4834227864254209
1383,executive,woman,0.45618106412681303
1384,executive,girl,0.322027918306942
1385,executive,sister,0.5047175492355913
1386,executive,she,0.525995853934908
1387,executive,her,0.6009781410537194
1388,executive,hers,-0.15326732004589094
1389,executive,daughter,0.5548251731259416
1390,management,male,0.4463504902697978
1391,management,man,0.6346496160619655
1392,management,boy,0.5283575752122013
1393,management,brother,0.4806522524359932
1394,management,he,0.5875757629687802
1395,management,him,0.6074772663739488
1396,management,his,0.6681412698211274
1397,management,son,0.5450766465028818
1398,management,female,0.4648679963890403
1399,management,woman,0.49900057538405274
1400,management,girl,0.37079473381523353
1401,management,sister,0.5215303768947206
1402,management,she,0.5795733305835935
1403,management,her,0.6409719783412318
1404,management,hers,-0.03111939504305794
1405,management,daughter,0.5410010137224004
1406,professional,male,0.5977901307275851
1407,professional,man,0.7407356972774665
1408,professional,boy,0.48498736598560477
1409,professional,brother,0.5935660449153071
1410,professional,he,0.7395226399710926
1411,professional,him,0.771015660589048
1412,professional,his,0.8319311619934789
1413,professional,son,0.6494514376147298
1414,professional,female,0.6630251488298919
1415,professional,woman,0.684657355177049
1416,professional,girl,0.3764802063185817
1417,professional,sister,0.6186324893944171
1418,professional,she,0.7076176341231547
1419,professional,her,0.8054697734321477
1420,professional,hers,-0.005844769205201716
1421,professional,daughter,0.6887559271739162
1422,corporation,male,0.18242894333465343
1423,corporation,man,0.02564591989141851
1424,corporation,boy,0.13176906539941924
1425,corporation,brother,-0.04752484908949639
1426,corporation,he,-0.035839142510676325
1427,corporation,him,-0.028787167783884682
1428,corporation,his,0.03659694679371639
1429,corporation,son,-0.004652858379248004
1430,corporation,female,0.1231517227688641
1431,corporation,woman,-0.06846117197182933
1432,corporation,girl,0.26083236340932814
1433,corporation,sister,0.11382744656509791
1434,corporation,she,-0.06324119575280074
1435,corporation,her,0.007729797349045109
1436,corporation,hers,-0.05315266541609187
1437,corporation,daughter,-0.02323805614059138
1438,salary,male,0.20850234790847033
1439,salary,man,0.2816112989082665
1440,salary,boy,0.24640440888135617
1441,salary,brother,0.10471110951890594
1442,salary,he,0.1547655414933059
1443,salary,him,0.19987177582537963
1444,salary,his,0.25992419711409165
1445,salary,son,0.09533987318100501
1446,salary,female,0.30839386805989466
1447,salary,woman,0.2731884864494838
1448,salary,girl,0.25302192724475525
1449,salary,sister,0.09798162338259164
1450,salary,she,0.152703310773191
1451,salary,her,0.26172565247604485
1452,salary,hers,0.174985614896064
1453,salary,daughter,0.17533037455405842
1454,office,male,0.44658922115546473
1455,office,man,0.6629423605622089
1456,office,boy,0.4972234030207725
1457,office,brother,0.6890896722218808
1458,office,he,0.8230935510638503
1459,office,him,0.7650713745582541
1460,office,his,0.8181194964811425
1461,office,son,0.7554663105336581
1462,office,female,0.4163402941449108
1463,office,woman,0.481143272077704
1464,office,girl,0.33650483752989935
1465,office,sister,0.61945707230474
1466,office,she,0.8055842576710378
1467,office,her,0.7680258214798841
1468,office,hers,-0.060447775009950355
1469,office,daughter,0.7388885087449453
1470,business,male,0.5896265197688405
1471,business,man,0.768373084116036
1472,business,boy,0.5570014685997028
1473,business,brother,0.6051774809732489
1474,business,he,0.708390562967876
1475,business,him,0.770208793355654
1476,business,his,0.8143324235795854
1477,business,son,0.6690554846069406
1478,business,female,0.5774360528681941
1479,business,woman,0.6402027825159828
1480,business,girl,0.408149958191534
1481,business,sister,0.5696521058679485
1482,business,she,0.6843671230306706
1483,business,her,0.7758356112199724
1484,business,hers,-0.018856315602803653
1485,business,daughter,0.632757125421995
1486,career,male,0.33894965450232806
1487,career,man,0.6658630742106624
1488,career,boy,0.35836574816942157
1489,career,brother,0.8723067273404604
1490,career,he,0.923542305300878
1491,career,him,0.8170029508344158
1492,career,his,0.8588655699340961
1493,career,son,0.9020940732573763
1494,career,female,0.31245768853915545
1495,career,woman,0.4768380619268757
1496,career,girl,0.27919322035048033
1497,career,sister,0.7381617924628823
1498,career,she,0.9231799640674176
1499,career,her,0.8200943260066873
1500,career,hers,-0.041428256256457185
1501,career,daughter,0.8874239748138144
1502,home,male,0.48992682882933813
1503,home,man,0.7849559947082432
1504,home,boy,0.47492451050994067
1505,home,brother,0.794331500380827
1506,home,he,0.9093625764953239
1507,home,him,0.8780136188911215
1508,home,his,0.9142690920856683
1509,home,son,0.8535201906669858
1510,home,female,0.4728144953074248
1511,home,woman,0.6210203319179037
1512,home,girl,0.3719083881027542
1513,home,sister,0.7280977588333103
1514,home,she,0.8883457527035595
1515,home,her,0.883078577962602
1516,home,hers,-0.026504538695945046
1517,home,daughter,0.8652433075673526
1518,parents,male,0.47096749884603273
1519,parents,man,0.7631763858970092
1520,parents,boy,0.5163644330596582
1521,parents,brother,0.8422106991313525
1522,parents,he,0.8411562377994287
1523,parents,him,0.8577453205271675
1524,parents,his,0.8619284457280004
1525,parents,son,0.8461989139188595
1526,parents,female,0.5117890965531434
1527,parents,woman,0.6517150312256541
1528,parents,girl,0.40397533001305796
1529,parents,sister,0.8058377859016659
1530,parents,she,0.8470739978312432
1531,parents,her,0.8821217358751663
1532,parents,hers,0.0183875745653459
1533,parents,daughter,0.8475700377326857
1534,children,male,0.5321489596296989
1535,children,man,0.8090921866628585
1536,children,boy,0.49742277647538824
1537,children,brother,0.8456079260679511
1538,children,he,0.9096589727533676
1539,children,him,0.9051870446111472
1540,children,his,0.9256865750062797
1541,children,son,0.8669719589204073
1542,children,female,0.5037918410357426
1543,children,woman,0.6805856122684641
1544,children,girl,0.3949016154110645
1545,children,sister,0.7579156599329537
1546,children,she,0.8967327583638521
1547,children,her,0.9178963232908813
1548,children,hers,0.01322614138028333
1549,children,daughter,0.8772962334529537
1550,family,male,0.4380960832353148
1551,family,man,0.7901681227801407
1552,family,boy,0.496053907153156
1553,family,brother,0.8422821593206307
1554,family,he,0.8827304679093748
1555,family,him,0.8763048297015442
1556,family,his,0.9178066428487932
1557,family,son,0.8980630159100971
1558,family,female,0.4375878859674539
1559,family,woman,0.6115546079943749
1560,family,girl,0.4621577997091405
1561,family,sister,0.7352675785534906
1562,family,she,0.8752384950397919
1563,family,her,0.8817315289748993
1564,family,hers,0.0612628562199633
1565,family,daughter,0.866780394168063
1566,cousins,male,0.21771186473047144
1567,cousins,man,0.1153187360424297
1568,cousins,boy,0.15311501098382185
1569,cousins,brother,0.21436175624815457
1570,cousins,he,0.08780801378219572
1571,cousins,him,0.14056928501596022
1572,cousins,his,0.15191471139566892
1573,cousins,son,0.13910147951493157
1574,cousins,female,0.08734604126782375
1575,cousins,woman,0.0031635988310756424
1576,cousins,girl,0.1813889498880128
1577,cousins,sister,0.2069485948571146
1578,cousins,she,0.098503786273057
1579,cousins,her,0.1918822055713285
1580,cousins,hers,0.2718378437241469
1581,cousins,daughter,0.16334308323012758
1582,marriage,male,0.6145949079633586
1583,marriage,man,0.7192264680287445
1584,marriage,boy,0.5146864614981672
1585,marriage,brother,0.6479049507130978
1586,marriage,he,0.7320406293741387
1587,marriage,him,0.7688704191420715
1588,marriage,his,0.783285512080767
1589,marriage,son,0.6946305541152078
1590,marriage,female,0.5749243037841482
1591,marriage,woman,0.6039574274226595
1592,marriage,girl,0.42540024610285143
1593,marriage,sister,0.6429961408737255
1594,marriage,she,0.7316314182256259
1595,marriage,her,0.8019893617989488
1596,marriage,hers,0.04316309311690614
1597,marriage,daughter,0.7238449241086992
1598,wedding,male,0.45303137887769585
1599,wedding,man,0.4285495238796294
1600,wedding,boy,0.4115275279384205
1601,wedding,brother,0.26889893913905927
1602,wedding,he,0.2874545697215154
1603,wedding,him,0.3710508306613478
1604,wedding,his,0.38114996644693866
1605,wedding,son,0.3376046992275672
1606,wedding,female,0.4393557611746923
1607,wedding,woman,0.4753275317901793
1608,wedding,girl,0.33691975033391286
1609,wedding,sister,0.3068780728313607
1610,wedding,she,0.30030430960606336
1611,wedding,her,0.41006493330477944
1612,wedding,hers,0.008756686217274767
1613,wedding,daughter,0.36127208597216875
1614,relatives,male,0.18939367680592323
1615,relatives,man,0.3707515712749889
1616,relatives,boy,0.2642557115765932
1617,relatives,brother,0.24229535826299808
1618,relatives,he,0.258647187743946
1619,relatives,him,0.30608583921708477
1620,relatives,his,0.31776354781626615
1621,relatives,son,0.19961370295966008
1622,relatives,female,0.263646020576206
1623,relatives,woman,0.24222481662797213
1624,relatives,girl,0.3269818716529821
1625,relatives,sister,0.3418564585858528
1626,relatives,she,0.2449360200945917
1627,relatives,her,0.3577028814404929
1628,relatives,hers,0.08957985186981754
1629,relatives,daughter,0.2322166995907191
